"","Adams","Cabot","Kirkland","Mather","Quincy","Leverett","Dunster","Currier","Eliot","Lowell","Pforzheimer","Winthrop"
"1",1,1,1,1,1,1,1,1,1,1,1,1
"2",1,1,1,1,1,1,1,1,1,1,1,1
"3",1,1,1,1,1,1,1,1,1,1,1,1
"4",1,1,1,1,1,1,1,1,1,1,1,1
"5",1,1,1,1,1,1,1,1,1,1,1,1
"6",1,2,1,1,1,1,1,1,1,1,1,1
"7",1,2,1,1,1,1,1,1,1,1,1,1
"8",1,2,1,1,1,1,1,1,1,1,1,1
"9",1,2,1,1,1,1,1,1,1,1,1,1
"10",1,2,1,1,1,1,1,1,1,1,1,1
"11",1,2,1,1,1,1,1,1,1,1,2,1
"12",1,2,1,1,1,2,1,1,1,1,2,1
"13",1,2,1,1,1,2,1,1,1,1,2,1
"14",1,2,1,1,1,2,1,1,1,1,2,1
"15",1,2,1,1,1,2,1,2,1,1,2,1
"16",1,2,1,1,1,2,1,2,1,1,2,1
"17",1,2,1,1,1,2,1,2,1,1,2,1
"18",1,2,1,2,1,2,1,2,1,1,2,1
"19",1,3,1,2,1,2,1,2,1,1,2,1
"20",1,3,2,2,1,2,1,2,1,1,2,1
"21",2,3,2,2,1,2,1,2,1,1,2,1
"22",2,3,2,2,1,2,1,2,1,1,2,1
"23",2,3,2,2,1,2,1,2,1,1,2,1
"24",2,3,2,2,1,2,1,2,1,1,2,1
"25",2,3,2,2,1,2,1,3,1,1,2,1
"26",2,3,2,2,1,2,1,3,1,1,2,1
"27",2,3,2,2,1,2,1,3,1,1,2,1
"28",2,3,2,2,1,2,1,3,1,1,2,1
"29",2,3,2,2,2,2,1,3,1,1,2,1
"30",2,3,2,2,2,2,1,3,1,1,2,1
"31",2,3,2,2,2,2,1,3,1,1,2,1
"32",2,3,2,2,2,2,1,3,1,1,3,1
"33",2,3,2,3,2,2,1,3,1,1,3,1
"34",2,3,2,3,2,3,1,3,1,1,3,1
"35",2,4,2,3,2,3,1,3,1,1,3,1
"36",3,4,2,3,2,3,1,3,1,1,3,1
"37",3,4,2,3,2,3,1,3,1,1,3,1
"38",3,4,2,3,2,3,1,3,2,1,3,1
"39",3,4,3,3,2,3,1,3,2,1,3,1
"40",3,4,3,3,2,3,1,3,2,1,3,1
"41",3,4,3,3,2,3,1,4,2,1,3,1
"42",3,4,3,3,2,3,1,4,2,1,3,1
"43",3,4,3,3,2,3,1,4,2,1,3,1
"44",3,4,3,3,2,3,1,4,2,1,3,1
"45",3,4,3,3,2,3,1,4,2,1,3,1
"46",3,4,3,3,2,3,2,4,2,1,3,1
"47",3,4,3,3,2,3,2,4,2,1,4,1
"48",3,4,3,3,2,3,2,4,2,1,4,1
"49",3,4,3,3,2,3,2,4,2,1,4,1
"50",3,4,3,3,2,3,2,4,2,1,4,1
"51",3,4,3,3,2,3,2,4,2,1,4,1
"52",3,5,3,4,2,3,2,4,2,1,4,1
"53",3,5,3,4,2,3,2,4,2,1,5,1
"54",3,5,3,4,2,3,2,4,2,1,5,1
"55",3,5,3,4,2,3,2,4,2,1,5,1
"56",3,5,3,4,2,3,2,5,2,1,5,1
"57",3,5,3,4,2,3,2,5,2,1,5,1
"58",3,5,3,4,2,3,2,5,2,1,5,1
"59",3,6,3,4,2,3,2,5,2,1,5,1
"60",4,6,3,4,2,3,2,5,2,1,5,1
"61",4,6,3,4,2,3,2,5,2,1,5,1
"62",4,6,3,4,2,3,2,5,2,1,5,1
"63",4,6,3,4,2,3,2,5,2,1,5,1
"64",4,6,3,4,2,3,2,5,2,1,5,1
"65",4,6,3,4,2,3,2,5,2,1,5,1
"66",4,6,3,4,2,3,2,5,2,1,5,1
"67",4,6,3,4,2,3,2,5,2,1,5,1
"68",4,6,3,4,2,3,2,5,2,1,5,1
"69",4,6,3,4,2,3,2,5,2,1,6,1
"70",4,6,3,4,2,3,2,5,2,1,6,1
"71",4,6,3,4,2,3,2,5,2,1,6,1
"72",4,6,3,4,3,3,2,5,2,1,6,1
"73",4,6,3,4,3,3,2,5,2,1,6,1
"74",4,6,4,4,3,4,2,6,2,1,6,1
"75",4,6,4,4,3,4,2,6,2,1,6,1
"76",4,6,4,4,3,4,2,6,2,1,6,1
"77",4,6,4,5,3,4,2,6,2,1,6,1
"78",4,6,4,5,3,4,2,6,2,1,6,1
"79",4,7,4,5,3,4,2,6,2,1,6,1
"80",4,7,4,5,3,4,2,6,2,1,6,1
"81",4,7,4,5,3,4,2,6,2,1,6,1
"82",4,7,4,5,3,4,2,6,2,1,6,1
"83",4,7,4,5,3,4,2,6,2,1,6,1
"84",4,7,4,5,3,4,2,6,2,1,6,1
"85",4,7,4,5,3,4,2,6,2,1,6,1
"86",4,7,4,5,3,4,2,6,2,1,6,1
"87",4,7,4,5,3,4,2,6,2,1,6,1
"88",4,7,4,5,3,4,2,6,2,1,7,1
"89",4,7,4,5,3,4,2,6,2,1,7,1
"90",4,7,4,5,3,4,2,6,2,1,7,1
"91",4,7,4,5,3,4,2,6,2,1,7,1
"92",4,7,4,5,3,4,2,6,2,1,7,1
"93",4,7,4,5,3,4,2,7,2,1,7,1
"94",4,7,4,5,3,4,2,7,2,1,7,1
"95",4,8,4,5,3,4,2,7,3,1,7,1
"96",4,8,4,5,3,4,2,7,3,1,7,1
"97",4,8,4,5,3,4,2,7,3,1,7,1
"98",5,8,4,5,3,4,2,7,3,1,7,1
"99",5,8,4,5,3,4,2,7,3,1,7,1
"100",5,8,4,5,3,4,2,7,3,1,7,1
"101",5,8,4,5,3,4,2,7,3,1,7,1
"102",5,8,4,5,3,4,2,7,3,1,7,1
"103",5,8,4,5,3,4,2,7,3,1,7,1
"104",5,8,4,6,3,4,2,7,3,1,7,1
"105",5,8,4,6,3,4,2,7,3,1,7,1
"106",5,8,4,6,3,4,2,7,3,1,7,1
"107",5,8,4,6,3,4,2,7,3,1,7,1
"108",5,8,4,6,3,4,2,7,3,1,7,1
"109",5,8,4,6,3,4,2,7,3,1,7,1
"110",5,8,4,6,3,4,2,7,3,1,7,1
"111",5,8,4,6,3,4,2,7,3,1,7,1
"112",5,8,4,6,3,4,2,7,3,1,7,1
"113",5,8,4,6,3,4,3,8,3,1,7,1
"114",5,8,4,6,3,4,3,8,3,1,7,1
"115",5,8,4,6,3,4,3,8,3,1,7,1
"116",5,8,4,6,3,4,3,8,3,1,7,1
"117",5,8,4,6,3,4,3,8,3,1,8,1
"118",5,8,4,6,3,4,3,8,3,1,8,1
"119",5,8,4,6,3,4,3,8,3,1,8,1
"120",5,8,4,6,3,4,3,8,3,1,8,1
"121",5,8,4,6,3,4,3,8,3,1,8,1
"122",5,8,4,6,3,4,3,8,3,1,8,1
"123",5,8,4,6,3,4,3,8,3,1,8,1
"124",5,8,5,6,3,4,3,8,3,1,8,1
"125",5,8,5,6,3,4,3,8,3,1,8,1
"126",5,9,5,6,3,4,3,8,3,1,8,1
"127",5,9,5,6,4,4,3,8,3,1,8,1
"128",5,9,5,6,4,4,3,8,3,1,8,1
"129",5,9,5,6,4,4,3,8,3,1,8,1
"130",5,9,5,6,4,4,3,8,3,1,8,1
"131",5,9,5,6,4,4,3,8,3,1,8,1
"132",5,9,5,6,4,4,3,8,3,1,8,1
"133",5,9,5,6,4,4,3,8,3,1,8,1
"134",5,9,5,6,4,4,3,8,3,1,8,1
"135",6,9,5,6,4,4,3,8,3,1,8,1
"136",6,9,5,6,4,4,3,9,3,1,8,1
"137",6,9,5,6,4,4,3,9,3,1,8,1
"138",6,9,5,6,4,4,3,9,3,1,8,1
"139",6,9,5,6,4,4,3,9,3,1,8,1
"140",6,9,5,6,4,4,3,9,3,1,8,1
"141",6,9,5,6,4,4,3,9,3,1,8,1
"142",6,9,5,6,4,4,3,9,3,1,8,1
"143",6,9,5,6,4,4,3,9,3,1,8,1
"144",6,9,5,7,4,4,3,9,3,1,8,1
"145",6,9,5,7,4,4,3,9,3,1,8,1
"146",6,9,5,7,4,4,3,9,3,1,8,1
"147",6,9,5,7,4,5,3,9,3,1,8,1
"148",6,9,5,7,4,5,3,9,3,1,8,1
"149",6,9,5,7,4,5,3,9,3,1,8,1
"150",6,9,5,7,4,5,3,9,3,1,9,1
"151",6,9,5,7,4,5,3,9,3,1,9,1
"152",6,9,5,7,4,5,3,9,3,1,9,1
"153",6,9,5,7,4,5,3,9,3,2,9,1
"154",6,9,5,7,4,5,3,9,3,2,9,1
"155",6,9,5,7,4,5,3,9,4,2,9,1
"156",6,9,5,7,4,5,3,9,4,2,9,1
"157",6,9,5,7,4,5,3,9,4,2,9,1
"158",6,9,5,7,4,5,3,9,4,2,9,1
"159",6,9,5,7,4,5,3,9,4,2,9,1
"160",6,9,5,7,4,5,3,9,4,2,9,1
"161",6,9,5,7,4,5,3,9,4,2,9,1
"162",6,9,5,7,4,5,3,9,4,2,9,1
"163",6,9,5,7,4,5,3,9,4,2,9,1
"164",6,9,5,7,4,5,3,9,4,2,9,1
"165",6,9,5,7,4,5,3,9,4,2,9,1
"166",6,9,5,7,4,5,3,9,4,2,9,1
"167",6,9,5,7,4,5,3,9,4,2,9,1
"168",6,9,5,7,4,5,3,9,4,2,9,1
"169",6,9,5,7,4,5,3,9,4,2,9,1
"170",6,9,5,7,4,5,3,9,4,2,9,1
"171",6,9,5,7,4,5,3,9,4,2,9,1
"172",6,9,5,7,4,5,3,9,4,2,9,1
"173",6,9,5,7,4,5,3,9,4,2,9,1
"174",6,9,5,7,4,5,3,9,4,2,9,1
"175",6,10,5,7,4,5,3,9,4,2,9,1
"176",6,10,5,7,4,5,3,9,4,2,9,1
"177",6,10,5,7,4,5,3,9,4,2,9,2
"178",6,10,5,7,4,5,3,9,4,2,9,2
"179",7,10,5,7,4,5,3,10,4,2,9,2
"180",7,10,5,7,4,5,3,10,4,2,9,2
"181",7,10,5,7,4,5,3,10,4,2,9,2
"182",7,10,5,7,4,5,3,10,4,2,9,2
"183",7,10,5,7,4,5,3,10,4,2,9,2
"184",7,10,5,7,4,5,3,10,4,2,9,2
"185",7,10,5,7,4,5,3,10,4,2,9,2
"186",7,10,5,7,4,5,3,10,4,2,9,2
"187",7,10,5,7,4,5,3,10,4,2,9,2
"188",7,10,5,8,4,5,3,10,4,2,9,2
"189",7,10,5,8,4,5,3,10,4,2,9,2
"190",7,10,5,8,4,5,3,10,4,2,9,2
"191",7,10,5,8,4,5,3,10,4,2,9,2
"192",7,10,5,8,4,5,3,10,4,2,9,2
"193",7,10,5,8,4,5,3,10,4,2,9,2
"194",7,10,5,8,4,5,3,10,4,2,9,2
"195",7,10,6,8,4,5,3,10,4,2,9,2
"196",7,10,6,8,4,5,3,10,4,2,9,2
"197",7,10,6,8,4,5,3,10,4,2,9,2
"198",7,10,6,8,4,5,3,10,4,2,9,2
"199",7,10,6,8,4,5,3,10,4,2,9,2
"200",7,10,6,8,4,5,3,10,4,2,9,2
"201",7,10,6,8,4,5,3,10,4,2,9,2
"202",7,10,6,8,4,5,3,10,4,2,9,2
"203",7,10,6,8,4,5,3,10,4,2,9,2
"204",7,10,6,8,4,5,3,10,4,2,9,2
"205",7,10,6,8,4,5,3,10,4,2,9,2
"206",7,10,6,8,4,5,3,10,4,2,9,2
"207",7,10,6,8,4,5,3,10,4,2,9,2
"208",7,10,6,8,4,5,3,10,4,2,9,2
"209",7,10,6,8,4,5,3,10,4,2,9,2
"210",7,10,6,8,4,5,3,10,4,2,9,2
"211",7,10,6,8,4,5,3,10,4,2,9,2
"212",7,10,6,8,4,5,3,10,4,2,9,2
"213",7,10,6,8,4,5,3,10,4,2,9,2
"214",7,10,6,8,4,5,3,10,4,2,9,2
"215",7,10,6,8,4,5,3,10,4,2,9,2
"216",7,10,6,8,4,5,3,10,4,2,10,2
"217",7,10,6,8,5,5,3,10,4,2,10,2
"218",7,10,6,8,5,5,3,10,4,2,10,2
"219",7,10,6,8,5,5,3,10,4,2,10,2
"220",7,10,6,8,5,5,3,10,4,2,10,2
"221",7,10,6,8,5,5,3,10,4,2,10,2
"222",7,10,6,8,5,5,3,10,5,2,10,2
"223",7,10,6,8,5,6,3,10,5,2,10,2
"224",7,10,6,8,5,6,3,10,5,2,10,2
"225",7,10,6,8,5,6,3,10,5,2,10,2
"226",7,10,6,8,5,6,4,10,5,2,10,2
"227",7,10,6,8,5,6,4,10,5,2,10,2
"228",7,10,6,8,5,6,4,10,5,2,10,2
"229",7,10,6,8,5,6,4,10,5,2,10,2
"230",7,10,6,8,5,6,4,10,5,2,10,2
"231",7,10,6,8,5,6,4,10,5,2,10,2
"232",7,10,6,8,5,6,4,10,5,2,10,2
"233",7,10,6,8,5,6,4,10,5,2,10,2
"234",7,10,6,8,5,6,4,10,5,2,10,2
"235",7,10,6,8,5,6,4,10,5,2,10,2
"236",7,10,6,8,5,6,4,10,5,2,10,2
"237",7,10,6,8,5,6,4,10,5,2,10,2
"238",7,10,6,8,5,6,4,10,5,2,10,2
"239",7,10,6,8,5,6,4,10,5,2,10,2
"240",7,10,6,8,5,6,4,10,5,2,10,2
"241",7,10,6,8,5,6,4,10,5,2,10,2
"242",7,10,6,8,5,6,4,10,5,2,10,2
"243",7,10,6,8,5,6,4,10,5,2,10,2
"244",7,10,6,8,5,6,4,10,5,2,10,2
"245",7,10,6,8,5,6,4,10,5,2,10,2
"246",8,10,6,8,5,6,4,10,5,2,10,2
"247",8,10,6,8,5,6,4,10,5,2,10,2
"248",8,10,6,8,5,6,4,10,5,2,10,2
"249",8,10,6,8,5,6,4,10,5,2,10,2
"250",8,10,6,8,5,6,4,10,5,2,10,2
"251",8,10,6,8,5,6,4,10,5,2,10,2
"252",8,10,6,8,5,6,4,10,5,2,10,2
"253",8,10,6,8,5,6,4,10,5,2,10,2
"254",8,10,6,8,5,6,4,10,5,2,10,2
"255",8,10,6,9,5,6,4,10,5,2,10,2
"256",8,10,6,9,5,6,4,10,5,2,10,2
"257",8,10,6,9,5,6,4,10,5,2,10,2
"258",8,10,7,9,5,6,4,10,5,2,10,2
"259",8,10,7,9,5,6,4,10,5,3,10,2
"260",8,10,7,9,5,6,4,10,5,3,10,2
"261",8,10,7,9,5,6,4,10,5,3,10,2
"262",8,10,7,9,5,6,4,10,5,3,10,2
"263",8,10,7,9,5,6,4,10,5,3,10,2
"264",8,10,7,9,5,6,4,10,5,3,10,2
"265",8,10,7,9,5,6,4,10,5,3,10,2
"266",8,10,7,9,5,6,4,10,5,3,10,2
"267",8,10,7,9,5,6,4,10,5,3,10,2
"268",8,10,7,9,5,6,4,10,5,3,10,2
"269",8,10,7,9,5,6,4,10,5,3,10,2
"270",8,10,7,9,5,6,4,10,5,3,10,2
"271",8,10,7,9,5,6,4,11,5,3,10,2
"272",8,10,7,9,5,6,4,11,5,3,10,2
"273",8,10,7,9,5,6,4,11,5,3,10,2
"274",8,10,7,9,5,6,4,11,5,3,10,2
"275",8,10,7,9,5,6,4,11,5,3,10,2
"276",8,10,7,9,5,6,4,11,5,3,10,2
"277",8,10,7,9,5,6,4,11,5,3,10,2
"278",8,10,7,9,5,6,4,11,5,3,10,2
"279",8,10,7,9,5,6,4,11,6,3,10,2
"280",8,10,7,9,5,6,4,11,6,3,10,2
"281",8,10,7,9,5,6,4,11,6,3,10,2
"282",8,10,7,9,5,6,5,11,6,3,10,2
"283",8,10,7,9,5,6,5,11,6,3,10,2
"284",8,10,7,9,5,6,5,11,6,3,10,2
"285",8,10,7,9,5,6,5,11,6,3,10,2
"286",8,10,7,9,5,6,5,11,6,3,10,2
"287",8,10,7,9,5,6,5,11,6,3,10,2
"288",8,10,7,9,6,6,5,11,6,3,10,2
"289",8,10,7,9,6,6,5,11,6,3,10,2
"290",8,10,7,9,6,6,5,11,6,3,10,2
"291",8,10,7,9,6,6,5,11,6,3,10,2
"292",8,10,7,9,6,6,5,11,6,3,10,2
"293",8,11,7,9,6,6,5,11,6,3,10,2
"294",8,11,7,9,6,6,5,11,6,3,10,2
"295",8,11,7,9,6,6,5,11,6,3,10,2
"296",8,11,7,9,6,6,5,11,6,3,10,2
"297",8,11,7,9,6,6,5,11,6,3,10,2
"298",8,11,7,9,6,6,5,11,6,3,10,2
"299",8,11,7,9,6,6,5,11,6,3,10,2
"300",8,11,7,9,6,6,5,11,6,3,10,2
"301",8,11,7,9,6,6,5,11,6,3,10,2
"302",8,11,7,9,6,6,5,11,6,3,10,2
"303",8,11,7,9,6,6,5,11,6,3,10,2
"304",8,11,7,9,6,7,5,11,6,3,10,2
"305",8,11,7,9,6,7,5,11,6,3,10,2
"306",8,11,7,9,6,7,5,11,6,3,10,2
"307",8,11,7,9,6,7,5,11,6,3,10,2
"308",8,11,7,9,6,7,5,11,6,3,10,2
"309",8,11,7,9,6,7,5,11,6,3,10,2
"310",8,11,7,9,6,7,5,11,6,3,10,2
"311",8,11,7,9,6,7,5,11,6,3,10,2
"312",8,11,7,9,6,7,5,11,6,3,10,2
"313",8,11,7,9,6,7,5,11,6,3,10,2
"314",8,11,7,9,6,7,5,11,6,3,10,2
"315",8,11,7,9,6,7,5,11,6,3,10,2
"316",8,11,7,9,6,7,5,11,6,3,10,2
"317",8,11,7,9,6,7,5,11,6,3,10,2
"318",8,11,7,9,6,7,5,11,6,3,10,2
"319",8,11,7,9,6,7,5,11,6,3,10,2
"320",8,11,7,9,6,7,5,11,6,3,10,2
"321",9,11,7,9,6,7,5,11,6,3,10,2
"322",9,11,7,9,6,7,5,11,6,4,10,2
"323",9,11,7,9,6,7,5,11,6,4,10,3
"324",9,11,7,9,6,7,5,11,6,4,10,3
"325",9,11,7,9,6,7,5,11,6,4,10,3
"326",9,11,7,9,6,7,5,11,6,4,10,3
"327",9,11,7,9,6,7,5,11,6,4,10,3
"328",9,11,7,9,6,7,5,11,6,4,10,3
"329",9,11,7,9,6,7,5,11,6,4,10,3
"330",9,11,8,9,6,7,5,11,6,4,10,3
"331",9,11,8,9,6,7,5,11,6,4,10,3
"332",9,11,8,9,6,7,5,11,6,4,10,3
"333",9,11,8,9,6,7,5,11,6,4,10,3
"334",9,11,8,9,6,7,5,11,6,4,10,3
"335",9,11,8,9,6,7,5,11,6,4,10,3
"336",9,11,8,9,6,7,5,11,6,4,10,3
"337",9,11,8,9,6,7,5,11,6,4,10,3
"338",9,11,8,9,6,7,5,11,6,4,10,3
"339",9,11,8,9,6,7,5,11,6,4,10,3
"340",9,11,8,9,6,7,5,11,6,4,10,3
"341",9,11,8,9,6,7,5,11,6,4,10,3
"342",9,11,8,9,6,7,5,11,6,4,10,3
"343",9,11,8,9,6,7,5,11,6,4,10,3
"344",9,11,8,9,6,7,5,11,6,4,10,3
"345",9,11,8,9,6,7,5,11,6,4,10,3
"346",9,11,8,9,6,7,5,11,6,4,10,3
"347",9,11,8,9,6,7,5,11,6,4,10,3
"348",9,11,8,9,6,7,5,11,6,4,10,3
"349",9,11,8,9,6,7,5,11,6,4,10,3
"350",9,11,8,9,6,7,5,11,6,4,10,3
"351",9,11,8,9,6,7,5,11,6,4,10,3
"352",9,11,8,9,6,7,6,11,6,4,10,3
"353",9,11,8,9,6,7,6,11,6,4,10,3
"354",9,11,8,9,6,7,6,11,6,4,10,3
"355",9,11,8,9,6,7,6,11,7,4,10,3
"356",9,11,8,9,6,7,6,11,7,4,10,3
"357",9,11,8,9,6,7,6,11,7,4,10,3
"358",9,11,8,9,6,7,6,11,7,4,10,3
"359",9,11,8,9,6,7,6,11,7,4,10,3
"360",9,11,8,9,6,7,6,11,7,4,10,3
"361",9,11,8,9,6,7,6,11,7,4,10,3
"362",9,11,8,9,6,7,6,11,7,4,10,3
"363",9,11,8,9,6,7,6,11,7,4,10,3
"364",9,11,8,9,6,7,6,11,7,4,10,3
"365",9,11,8,9,6,7,6,11,7,4,10,3
"366",9,11,8,9,6,7,6,11,7,4,10,3
"367",9,11,8,10,6,7,6,11,7,4,10,3
"368",9,11,8,10,6,7,6,11,7,4,10,3
"369",9,11,8,10,6,7,6,11,7,4,10,3
"370",9,11,8,10,7,7,6,11,7,4,10,3
"371",9,11,8,10,7,7,6,11,7,4,10,3
"372",9,11,8,10,7,7,6,11,7,4,10,3
"373",9,11,8,10,7,7,6,11,7,5,10,3
"374",9,11,8,10,7,7,6,11,7,5,11,3
"375",9,11,8,10,7,7,6,11,7,5,11,3
"376",9,11,8,10,7,7,6,11,7,5,11,3
"377",9,11,8,10,7,7,6,11,7,5,11,3
"378",9,11,8,10,7,7,6,11,7,5,11,3
"379",9,11,8,10,7,7,6,11,7,5,11,3
"380",9,11,8,10,7,7,6,11,7,5,11,3
"381",9,11,8,10,7,7,6,11,7,5,11,3
"382",9,11,8,10,7,7,6,11,7,5,11,3
"383",9,11,8,10,7,7,6,11,7,5,11,3
"384",9,11,8,10,7,7,6,11,7,5,11,3
"385",9,11,8,10,7,7,6,12,7,5,11,3
"386",9,11,8,10,7,7,6,12,7,5,11,3
"387",9,11,8,10,7,7,6,12,7,5,11,3
"388",9,11,8,10,7,7,6,12,7,5,11,3
"389",9,11,8,10,7,7,6,12,7,5,11,3
"390",9,11,8,10,7,7,6,12,7,5,11,3
"391",9,11,8,10,7,7,6,12,7,5,11,3
"392",9,11,8,10,7,7,6,12,7,5,11,3
"393",9,11,8,10,7,7,6,12,7,5,11,3
"394",9,11,8,10,7,7,7,12,7,5,11,3
"395",10,11,8,10,7,7,7,12,7,5,11,3
"396",10,11,8,10,7,7,7,12,7,5,11,3
"397",10,11,8,10,7,7,7,12,7,5,11,3
"398",10,11,8,10,7,8,7,12,7,5,11,3
"399",10,11,8,10,7,8,7,12,7,5,11,3
"400",10,11,9,10,7,8,7,12,7,5,11,3
"401",10,11,9,10,7,8,7,12,7,5,11,4
"402",10,11,9,10,7,8,7,12,7,5,11,4
"403",10,11,9,10,7,8,7,12,7,5,11,4
"404",10,11,9,11,7,8,7,12,8,5,11,4
"405",10,11,9,11,7,8,7,12,8,5,11,4
"406",10,11,9,11,7,8,7,12,8,5,11,4
"407",10,11,9,11,7,8,7,12,8,5,11,4
"408",10,11,9,11,7,8,7,12,8,5,11,4
"409",10,11,9,11,7,8,7,12,8,5,11,4
"410",10,11,9,11,7,8,7,12,8,5,11,4
"411",10,11,9,11,7,8,7,12,8,5,11,4
"412",10,11,9,11,7,8,7,12,8,5,11,4
"413",10,11,9,11,7,8,7,12,8,5,11,4
"414",10,11,9,11,7,8,7,12,8,5,11,4
"415",10,11,9,11,7,8,7,12,8,5,11,4
"416",10,11,9,11,7,8,7,12,8,5,11,4
"417",10,11,9,11,7,8,7,12,8,5,11,4
"418",10,11,9,11,7,8,7,12,8,6,11,4
"419",10,11,9,11,7,8,7,12,8,6,11,4
"420",10,11,9,11,7,8,7,12,8,6,11,4
"421",10,11,9,11,7,8,7,12,8,6,11,4
"422",10,11,9,11,7,8,7,12,8,6,11,4
"423",11,11,9,11,7,8,7,12,8,6,11,4
"424",11,11,9,11,7,8,7,12,8,6,11,4
"425",11,11,9,11,7,8,7,12,8,6,11,4
"426",11,11,9,11,7,8,7,12,8,6,11,4
"427",11,11,9,11,7,8,7,12,8,6,11,4
"428",11,11,9,11,7,8,7,12,8,6,11,4
"429",11,11,9,11,7,8,7,12,8,6,11,4
"430",11,11,9,11,7,8,7,12,8,6,11,4
"431",11,11,9,11,7,8,7,12,8,6,11,4
"432",11,11,9,11,7,8,7,12,8,6,11,4
"433",11,11,9,11,7,8,7,12,8,6,11,4
"434",11,11,9,11,7,8,7,12,8,6,11,4
"435",11,11,9,11,8,8,7,12,8,6,11,4
"436",11,11,9,11,8,8,7,12,8,6,11,4
"437",11,11,9,11,8,8,7,12,8,6,11,4
"438",11,11,9,11,8,8,8,12,8,6,11,4
"439",11,11,9,11,8,8,8,12,8,6,11,4
"440",11,11,9,11,8,8,8,12,8,6,11,4
"441",11,12,9,11,8,8,8,12,8,6,11,4
"442",11,12,9,11,8,8,8,12,8,6,11,4
"443",11,12,9,11,8,8,8,12,8,6,11,4
"444",11,12,9,11,8,8,8,12,9,6,11,4
"445",11,12,9,11,8,8,8,12,9,6,11,4
"446",11,12,9,11,8,8,8,12,9,6,11,4
"447",11,12,9,11,8,8,8,12,9,6,11,5
"448",11,12,9,11,8,8,8,12,9,6,11,5
"449",11,12,9,11,8,8,8,12,9,6,11,5
"450",11,12,9,11,8,8,8,12,9,6,11,5
"451",11,12,9,11,8,8,8,12,9,6,11,5
"452",11,12,9,11,8,8,8,12,9,6,11,5
"453",11,12,9,11,8,8,8,12,9,7,11,5
"454",11,12,9,11,8,8,8,12,9,7,11,5
"455",12,12,9,11,8,8,8,12,9,7,11,5
"456",12,12,10,11,8,8,8,12,9,7,11,5
"457",12,12,10,11,8,8,8,12,9,7,11,5
"458",12,12,10,11,8,8,8,12,9,7,11,5
"459",12,12,10,12,8,8,8,12,9,7,11,5
"460",12,12,10,12,8,8,8,12,9,7,11,5
"461",12,12,10,12,8,8,8,12,9,7,11,5
"462",12,12,10,12,8,8,8,12,9,7,11,5
"463",12,12,10,12,8,8,8,12,9,7,11,5
"464",12,12,10,12,8,9,8,12,9,7,11,5
"465",12,12,10,12,8,9,8,12,9,7,11,5
"466",12,12,10,12,8,9,8,12,9,7,11,5
"467",12,12,10,12,8,9,8,12,9,7,11,5
"468",12,12,10,12,8,9,8,12,9,7,11,5
"469",12,12,10,12,8,9,8,12,9,7,11,5
"470",12,12,10,12,8,9,8,12,9,7,11,5
"471",12,12,10,12,8,9,8,12,9,7,11,5
"472",12,12,10,12,8,9,8,12,9,7,12,5
"473",12,12,10,12,8,9,8,12,9,7,12,5
"474",12,12,10,12,8,9,8,12,9,7,12,5
"475",12,12,10,12,8,9,8,12,9,8,12,5
"476",12,12,10,12,8,9,8,12,9,8,12,5
"477",12,12,10,12,8,9,8,12,9,8,12,5
"478",12,12,10,12,8,9,8,12,9,8,12,5
"479",12,12,10,12,9,9,8,12,9,8,12,5
"480",12,12,11,12,9,9,8,12,9,8,12,5
"481",12,12,11,12,9,9,8,12,9,8,12,5
"482",12,12,11,12,9,9,8,12,10,8,12,5
"483",12,12,11,12,9,9,8,12,10,8,12,5
"484",12,12,11,12,9,9,8,12,10,8,12,5
"485",12,12,11,12,9,9,8,12,10,8,12,5
"486",12,12,11,12,9,9,8,12,10,8,12,6
"487",12,12,11,12,9,9,8,12,10,8,12,6
"488",12,12,11,12,9,9,8,12,10,8,12,6
"489",12,12,11,12,9,9,8,12,10,8,12,6
"490",12,12,11,12,9,9,9,12,10,8,12,6
"491",12,12,11,12,9,9,9,12,10,8,12,6
"492",12,12,11,12,9,9,9,12,10,8,12,6
"493",12,12,11,12,9,9,9,12,10,8,12,6
"494",12,12,11,12,9,9,9,12,10,8,12,6
"495",12,12,11,12,9,9,9,12,10,8,12,6
"496",12,12,11,12,9,9,9,12,10,8,12,6
"497",12,12,11,12,9,9,9,12,10,8,12,6
"498",12,12,11,12,9,9,9,12,10,8,12,6
"499",12,12,11,12,9,9,9,12,10,9,12,7
"500",12,12,11,12,10,10,9,12,10,9,12,7
"501",12,12,11,12,10,10,9,12,10,9,12,7
"502",12,12,11,12,10,10,9,12,10,9,12,7
"503",12,12,11,12,10,10,9,12,10,9,12,7
"504",12,12,12,12,10,10,9,12,10,9,12,7
"505",12,12,12,12,10,10,9,12,11,9,12,7
"506",12,12,12,12,10,10,9,12,11,9,12,7
"507",12,12,12,12,10,10,9,12,11,9,12,7
"508",12,12,12,12,10,10,9,12,11,9,12,7
"509",12,12,12,12,10,10,10,12,11,9,12,7
"510",12,12,12,12,10,10,10,12,11,9,12,7
"511",12,12,12,12,10,10,10,12,11,9,12,8
"512",12,12,12,12,10,10,10,12,11,9,12,8
"513",12,12,12,12,10,10,10,12,11,10,12,8
"514",12,12,12,12,10,10,10,12,11,10,12,8
"515",12,12,12,12,10,10,10,12,11,10,12,8
"516",12,12,12,12,10,10,10,12,11,10,12,8
"517",12,12,12,12,11,10,10,12,11,10,12,8
"518",12,12,12,12,11,11,10,12,11,11,12,8
"519",12,12,12,12,11,11,11,12,11,11,12,8
"520",12,12,12,12,11,11,11,12,11,11,12,9
"521",12,12,12,12,11,11,11,12,12,11,12,9
"522",12,12,12,12,11,11,11,12,12,11,12,9
"523",12,12,12,12,11,11,11,12,12,11,12,9
"524",12,12,12,12,11,11,11,12,12,11,12,9
"525",12,12,12,12,11,11,11,12,12,12,12,9
"526",12,12,12,12,11,11,11,12,12,12,12,10
"527",12,12,12,12,11,11,11,12,12,12,12,10
"528",12,12,12,12,11,11,11,12,12,12,12,10
"529",12,12,12,12,11,12,11,12,12,12,12,10
"530",12,12,12,12,11,12,12,12,12,12,12,11
"531",12,12,12,12,12,12,12,12,12,12,12,11
"532",12,12,12,12,12,12,12,12,12,12,12,11
"533",12,12,12,12,12,12,12,12,12,12,12,11
"534",12,12,12,12,12,12,12,12,12,12,12,12
